Workbook
Name Slicer_Representative: #N/A

Sheet Pivot
A3: call count | B3: Total amount | C3: Total Duration | D3: Avg Rating | E3: 5* calls
A4: 1000 | B4: 96623 | C4: 89850 | D4: 3.8854 | E4: 307
A7: call count | B7: Total amount | C7: Total Duration | D7: Avg Rating | E7: 5* calls
A8: 189 | B8: 18415 | C8: 16834 | D8: 3.9227513 | E8: 60
A10: Row Labels | B10: call count | C10: call count2 | E10: Row Labels | F10: call count
A11: Jan | B11: 16 | C11: 16 | E11: Sunday | F11: 36
A12: Feb | B12: 14 | C12: 14 | E12: Monday | F12: 30
A13: Mar | B13: 26 | C13: 26 | E13: Tuesday | F13: 13
A14: Apr | B14: 29 | C14: 29 | E14: Wednesday | F14: 23
A15: May | B15: 17 | C15: 17 | E15: Thursday | F15: 23
A16: Jun | B16: 15 | C16: 15 | E16: Friday | F16: 24
A17: Jul | B17: 15 | C17: 15 | E17: Saturday | F17: 40
A18: Aug | B18: 7 | C18: 7 | E18: Grand Total | F18: 189
A19: Sep | B19: 11 | C19: 11
A20: Oct | B20: 24 | C20: 24
A21: Nov | B21: 9 | C21: 9
A22: Dec | B22: 6 | C22: 6
A23: Grand Total | B23: 189 | C23: 189
G29: selected rep | I29: =A44 -> R01
E30: for graph
E31: Rep | F31: calls | G31: amount | H31: sel.calls | I31: sel.amount
A32: Row Labels | B32: call count | C32: Total amount | E32: =A33 -> R01 | F32: =B33 -> 189 | G32: =C33 -> 18415 | H32: =IF(E32=$I$29,F32,NA()) -> 189 | I32: =IF(E32=$I$29,G32,NA()) -> 18415
A33: R01 | B33: 189 | C33: 18415 | E33: =A34 -> R02 | F33: =B34 -> 218 | G33: =C34 -> 20581 | H33: =IF(E33=$I$29,F33,NA()) -> #N/A | I33: =IF(E33=$I$29,G33,NA()) -> #N/A
A34: R02 | B34: 218 | C34: 20581 | E34: =A35 -> R03 | F34: =B35 -> 207 | G34: =C35 -> 20872 | H34: =IF(E34=$I$29,F34,NA()) -> #N/A | I34: =IF(E34=$I$29,G34,NA()) -> #N/A
A35: R03 | B35: 207 | C35: 20872 | E35: =A36 -> R04 | F35: =B36 -> 186 | G35: =C36 -> 16651 | H35: =IF(E35=$I$29,F35,NA()) -> #N/A | I35: =IF(E35=$I$29,G35,NA()) -> #N/A
A36: R04 | B36: 186 | C36: 16651 | E36: =A37 -> R05 | F36: =B37 -> 200 | G36: =C37 -> 20104 | H36: =IF(E36=$I$29,F36,NA()) -> #N/A | I36: =IF(E36=$I$29,G36,NA()) -> #N/A
A37: R05 | B37: 200 | C37: 20104 | E37: =A38 -> Grand Total | F37: =B38 -> 1000 | G37: =C38 -> 96623
A38: Grand Total | B38: 1000 | C38: 96623
G40: call count | H40: Column Labels | L40: Row Labels | M40: call count
G41: Row Labels | H41: Female | I41: Male | J41: Grand Total | L41: 1 | M41: 1
G42: Cincinnati | H42: 144 | I42: 132 | J42: 276 | L42: 2 | M42: 9
A43: Row Labels | G43: Cleveland | H43: 326 | I43: 63 | J43: 389 | L43: 3 | M43: 31
A44: R01 | G44: Columbus | H44: 129 | I44: 206 | J44: 335 | L44: 4 | M44: 88
A45: Grand Total | G45: Grand Total | H45: 599 | I45: 401 | J45: 1000 | L45: 5 | M45: 60
L46: Grand Total | M46: 189
D47: Total amount | E47: Column Labels
D48: Row Labels | E48: R01 | F48: R02 | G48: R03 | H48: R04 | I48: R05 | J48: Grand Total
D49: Cincinnati
D50: C0003 | E50: 891 | F50: 1332 | G50: 1282 | H50: 739 | I50: 560 | J50: 4804
D51: C0004 | E51: 1991 | F51: 1886 | G51: 1206 | H51: 884 | I51: 1722 | J51: 7689
D52: C0011 | E52: 1163 | F52: 1180 | G52: 1616 | H52: 1043 | I52: 1747 | J52: 6749
D53: C0012 | E53: 1438 | F53: 1616 | G53: 866 | H53: 829 | I53: 2070 | J53: 6819
D54: Cleveland
D55: C0002 | E55: 1233 | F55: 223 | G55: 1680 | H55: 990 | I55: 1508 | J55: 5634
D56: C0007 | E56: 1598 | F56: 1907 | G56: 869 | H56: 1426 | I56: 1416 | J56: 7216
D57: C0008 | E57: 900 | F57: 1016 | G57: 960 | H57: 940 | I57: 1193 | J57: 5009
D58: C0010 | E58: 900 | F58: 1470 | G58: 1617 | H58: 1314 | I58: 941 | J58: 6242
D59: C0013 | E59: 1255 | F59: 516 | G59: 1874 | H59: 1863 | I59: 1722 | J59: 7230
D60: C0015 | E60: 1138 | F60: 1898 | G60: 1482 | H60: 846 | I60: 1154 | J60: 6518
D61: Columbus
D62: C0001 | E62: 1655 | F62: 805 | G62: 2263 | H62: 987 | I62: 1075 | J62: 6785
D63: C0005 | E63: 1104 | F63: 2280 | G63: 1445 | H63: 1722 | I63: 1196 | J63: 7747
D64: C0006 | E64: 372 | F64: 1818 | G64: 1346 | H64: 1156 | I64: 1484 | J64: 6176
D65: C0009 | E65: 1415 | F65: 1271 | G65: 1214 | H65: 1135 | I65: 1566 | J65: 6601
D66: C0014 | E66: 1362 | F66: 1363 | G66: 1152 | H66: 777 | I66: 750 | J66: 5404

Sheet Data
B1: Call Centre Data
B3: Call number | C3: Customer ID | D3: Duration | E3: Representative | F3: Date of Call | G3: Purchase Amount | H3: Satisfaction Rating | I3: FY | J3: Day of week | K3: Duration Bucket | L3: Rating rounded | Q3: Customer ID | R3: Gedner | S3: Age | T3: City
B4: Call_7271 | C4: C0003 | D4: 116 | E4: R05 | F4: 44927 | G4: 128 | H4: 4.9 | I4: =IF(MONTH(calls[[#This Row],[Date of Call]])<=6, YEAR(calls[[#This Row],[Date of Call]]), YEAR(calls[[#This Row],[Date of Call]])+1) -> 2023 | J4: =TEXT(calls[[#This Row],[Date of Call]],"DDDD") -> Sunday | K4: {=_xlfn.IFS(calls[[#This Row],[Duration]]<=10,"Under 10 mins", calls[[#This Row],[Duration]]<=30, "10 to 30 mins", calls[[#This Row],[Duration]]<=60, "30 to 60 mins", calls[[#This Row],[Duration]]<=120, "1 to 2 hours", TRUE, "More than 2 hours")} -> 1 to 2 hours | L4: =ROUND(calls[[#This Row],[Satisfaction Rating]],0) -> 5 | Q4: C0001 | R4: Male | S4: 41 | T4: Columbus
B5: Call_7272 | C5: C0004 | D5: 119 | E5: R05 | F5: 44927 | G5: 135 | H5: 2.9 | I5: =IF(MONTH(calls[[#This Row],[Date of Call]])<=6, YEAR(calls[[#This Row],[Date of Call]]), YEAR(calls[[#This Row],[Date of Call]])+1) -> 2023 | J5: =TEXT(calls[[#This Row],[Date of Call]],"DDDD") -> Sunday | K5: {=_xlfn.IFS(calls[[#This Row],[Duration]]<=10,"Under 10 mins", calls[[#This Row],[Duration]]<=30, "10 to 30 mins", calls[[#This Row],[Duration]]<=60, "30 to 60 mins", calls[[#This Row],[Duration]]<=120, "1 to 2 hours", TRUE, "More than 2 hours")} -> 1 to 2 hours | L5: =ROUND(calls[[#This Row],[Satisfaction Rating]],0) -> 3 | Q5: C0002 | R5: Male | S5: 31 | T5: Cleveland
B6: Call_7273 | C6: C0005 | D6: 68 | E6: R02 | F6: 44927 | G6: 66 | H6: 4.7 | I6: =IF(MONTH(calls[[#This Row],[Date of Call]])<=6, YEAR(calls[[#This Row],[Date of Call]]), YEAR(calls[[#This Row],[Date of Call]])+1) -> 2023 | J6: =TEXT(calls[[#This Row],[Date of Call]],"DDDD") -> Sunday | K6: {=_xlfn.IFS(calls[[#This Row],[Duration]]<=10,"Under 10 mins", calls[[#This Row],[Duration]]<=30, "10 to 30 mins", calls[[#This Row],[Duration]]<=60, "30 to 60 mins", calls[[#This Row],[Duration]]<=120, "1 to 2 hours", TRUE, "More than 2 hours")} -> 1 to 2 hours | L6: =ROUND(calls[[#This Row],[Satisfaction Rating]],0) -> 5 | Q6: C0003 | R6: Male | S6: 26 | T6: Cincinnati
B7: Call_7274 | C7: C0014 | D7: 119 | E7: R02 | F7: 44927 | G7: 22 | H7: 2.9 | I7: =IF(MONTH(calls[[#This Row],[Date of Call]])<=6, YEAR(calls[[#This Row],[Date of Call]]), YEAR(calls[[#This Row],[Date of Call]])+1) -> 2023 | J7: =TEXT(calls[[#This Row],[Date of Call]],"DDDD") -> Sunday | K7: {=_xlfn.IFS(calls[[#This Row],[Duration]]<=10,"Under 10 mins", calls[[#This Row],[Duration]]<=30, "10 to 30 mins", calls[[#This Row],[Duration]]<=60, "30 to 60 mins", calls[[#This Row],[Duration]]<=120, "1 to 2 hours", TRUE, "More than 2 hours")} -> 1 to 2 hours | L7: =ROUND(calls[[#This Row],[Satisfaction Rating]],0) -> 3 | Q7: C0004 | R7: Male | S7: 36 | T7: Cincinnati
B8: Call_7275 | C8: C0011 | D8: 128 | E8: R01 | F8: 44928 | G8: 31 | H8: 2.8 | I8: =IF(MONTH(calls[[#This Row],[Date of Call]])<=6, YEAR(calls[[#This Row],[Date of Call]]), YEAR(calls[[#This Row],[Date of Call]])+1) -> 2023 | J8: =TEXT(calls[[#This Row],[Date of Call]],"DDDD") -> Monday | K8: {=_xlfn.IFS(calls[[#This Row],[Duration]]<=10,"Under 10 mins", calls[[#This Row],[Duration]]<=30, "10 to 30 mins", calls[[#This Row],[Duration]]<=60, "30 to 60 mins", calls[[#This Row],[Duration]]<=120, "1 to 2 hours", TRUE, "More than 2 hours")} -> More than 2 hours | L8: =ROUND(calls[[#This Row],[Satisfaction Rating]],0) -> 3 | Q8: C0005 | R8: Male | S8: 37 | T8: Columbus
B9: Call_7276 | C9: C0011 | D9: 49 | E9: R02 | F9: 44929 | G9: 135 | H9: 4.8 | I9: =IF(MONTH(calls[[#This Row],[Date of Call]])<=6, YEAR(calls[[#This Row],[Date of Call]]), YEAR(calls[[#This Row],[Date of Call]])+1) -> 2023 | J9: =TEXT(calls[[#This Row],[Date of Call]],"DDDD") -> Tuesday | K9: {=_xlfn.IFS(calls[[#This Row],[Duration]]<=10,"Under 10 mins", calls[[#This Row],[Duration]]<=30, "10 to 30 mins", calls[[#This Row],[Duration]]<=60, "30 to 60 mins", calls[[#This Row],[Duration]]<=120, "1 to 2 hours", TRUE, "More than 2 hours")} -> 30 to 60 mins | L9: =ROUND(calls[[#This Row],[Satisfaction Rating]],0) -> 5 | Q9: C0006 | R9: Male | S9: 23 | T9: Columbus
B10: Call_7277 | C10: C0007 | D10: 84 | E10: R05 | F10: 44929 | G10: 60 | H10: 4.7 | I10: =IF(MONTH(calls[[#This Row],[Date of Call]])<=6, YEAR(calls[[#This Row],[Date of Call]]), YEAR(calls[[#This Row],[Date of Call]])+1) -> 2023 | J10: =TEXT(calls[[#This Row],[Date of Call]],"DDDD") -> Tuesday | K10: {=_xlfn.IFS(calls[[#This Row],[Duration]]<=10,"Under 10 mins", calls[[#This Row],[Duration]]<=30, "10 to 30 mins", calls[[#This Row],[Duration]]<=60, "30 to 60 mins", calls[[#This Row],[Duration]]<=120, "1 to 2 hours", TRUE, "More than 2 hours")} -> 1 to 2 hours | L10: =ROUND(calls[[#This Row],[Satisfaction Rating]],0) -> 5 | Q10: C0007 | R10: Female | S10: 22 | T10: Cleveland
B11: Call_7278 | C11: C0003 | D11: 103 | E11: R04 | F11: 44929 | G11: 148 | H11: 4.4 | I11: =IF(MONTH(calls[[#This Row],[Date of Call]])<=6, YEAR(calls[[#This Row],[Date of Call]]), YEAR(calls[[#This Row],[Date of Call]])+1) -> 2023 | J11: =TEXT(calls[[#This Row],[Date of Call]],"DDDD") -> Tuesday | K11: {=_xlfn.IFS(calls[[#This Row],[Duration]]<=10,"Under 10 mins", calls[[#This Row],[Duration]]<=30, "10 to 30 mins", calls[[#This Row],[Duration]]<=60, "30 to 60 mins", calls[[#This Row],[Duration]]<=120, "1 to 2 hours", TRUE, "More than 2 hours")} -> 1 to 2 hours | L11: =ROUND(calls[[#This Row],[Satisfaction Rating]],0) -> 4 | Q11: C0008 | R11: Female | S11: 42 | T11: Cleveland
B12: Call_7279 | C12: C0005 | D12: 31 | E12: R02 | F12: 44929 | G12: 135 | H12: 3.6 | I12: =IF(MONTH(calls[[#This Row],[Date of Call]])<=6, YEAR(calls[[#This Row],[Date of Call]]), YEAR(calls[[#This Row],[Date of Call]])+1) -> 2023 | J12: =TEXT(calls[[#This Row],[Date of Call]],"DDDD") -> Tuesday | K12: {=_xlfn.IFS(calls[[#This Row],[Duration]]<=10,"Under 10 mins", calls[[#This Row],[Duration]]<=30, "10 to 30 mins", calls[[#This Row],[Duration]]<=60, "30 to 60 mins", calls[[#This Row],[Duration]]<=120, "1 to 2 hours", TRUE, "More than 2 hours")} -> 30 to 60 mins | L12: =ROUND(calls[[#This Row],[Satisfaction Rating]],0) -> 4 | Q12: C0009 | R12: Female | S12: 25 | T12: Columbus
B13: Call_7280 | C13: C0010 | D13: 44 | E13: R03 | F13: 44929 | G13: 105 | H13: 2.9 | I13: =IF(MONTH(calls[[#This Row],[Date of Call]])<=6, YEAR(calls[[#This Row],[Date of Call]]), YEAR(calls[[#This Row],[Date of Call]])+1) -> 2023 | J13: =TEXT(calls[[#This Row],[Date of Call]],"DDDD") -> Tuesday | K13: {=_xlfn.IFS(calls[[#This Row],[Duration]]<=10,"Under 10 mins", calls[[#This Row],[Duration]]<=30, "10 to 30 mins", calls[[#This Row],[Duration]]<=60, "30 to 60 mins", calls[[#This Row],[Duration]]<=120, "1 to 2 hours", TRUE, "More than 2 hours")} -> 30 to 60 mins | L13: =ROUND(calls[[#This Row],[Satisfaction Rating]],0) -> 3 | Q13: C0010 | R13: Female | S13: 30 | T13: Cleveland
B14: Call_7281 | C14: C0011 | D14: 102 | E14: R02 | F14: 44929 | G14: 69 | H14: 4.9 | I14: =IF(MONTH(calls[[#This Row],[Date of Call]])<=6, YEAR(calls[[#This Row],[Date of Call]]), YEAR(calls[[#This Row],[Date of Call]])+1) -> 2023 | J14: =TEXT(calls[[#This Row],[Date of Call]],"DDDD") -> Tuesday | K14: {=_xlfn.IFS(calls[[#This Row],[Duration]]<=10,"Under 10 mins", calls[[#This Row],[Duration]]<=30, "10 to 30 mins", calls[[#This Row],[Duration]]<=60, "30 to 60 mins", calls[[#This Row],[Duration]]<=120, "1 to 2 hours", TRUE, "More than 2 hours")} -> 1 to 2 hours | L14: =ROUND(calls[[#This Row],[Satisfaction Rating]],0) -> 5 | Q14: C0011 | R14: Female | S14: 30 | T14: Cincinnati
B15: Call_7282 | C15: C0013 | D15: 135 | E15: R05 | F15: 44929 | G15: 46 | H15: 3.4 | I15: =IF(MONTH(calls[[#This Row],[Date of Call]])<=6, YEAR(calls[[#This Row],[Date of Call]]), YEAR(calls[[#This Row],[Date of Call]])+1) -> 2023 | J15: =TEXT(calls[[#This Row],[Date of Call]],"DDDD") -> Tuesday | K15: {=_xlfn.IFS(calls[[#This Row],[Duration]]<=10,"Under 10 mins", calls[[#This Row],[Duration]]<=30, "10 to 30 mins", calls[[#This Row],[Duration]]<=60, "30 to 60 mins", calls[[#This Row],[Duration]]<=120, "1 to 2 hours", TRUE, "More than 2 hours")} -> More than 2 hours | L15: =ROUND(calls[[#This Row],[Satisfaction Rating]],0) -> 3 | Q15: C0012 | R15: Female | S15: 28 | T15: Cincinnati
... B18: Call_7285 | C18: C0013 | D18: 48 | E18: R01 | F18: 44930 | G18: 68 | H18: 4.9 | I18: =IF(MONTH(calls[[#This Row],[Date of Call]])<=6, YEAR(calls[[#This Row],[Date of Call]]), YEAR(calls[[#This Row],[Date of Call]])+1) -> 2023 | J18: =TEXT(calls[[#This Row],[Date of Call]],"DDDD") -> Wednesday | K18: {=_xlfn.IFS(calls[[#This Row],[Duration]]<=10,"Under 10 mins", calls[[#This Row],[Duration]]<=30, "10 to 30 mins", calls[[#This Row],[Duration]]<=60, "30 to 60 mins", calls[[#This Row],[Duration]]<=120, "1 to 2 hours", TRUE, "More than 2 hours")} -> 30 to 60 mins | L18: =ROUND(calls[[#This Row],[Satisfaction Rating]],0) -> 5 | Q18: C0015 | R18: Female | S18: 43 | T18: Cleveland
B19: Call_7286 | C19: C0010 | D19: 176 | E19: R05 | F19: 44931 | G19: 24 | H19: 4.8 | I19: =IF(MONTH(calls[[#This Row],[Date of Call]])<=6, YEAR(calls[[#This Row],[Date of Call]]), YEAR(calls[[#This Row],[Date of Call]])+1) -> 2023 | J19: =TEXT(calls[[#This Row],[Date of Call]],"DDDD") -> Thursday | K19: {=_xlfn.IFS(calls[[#This Row],[Duration]]<=10,"Under 10 mins", calls[[#This Row],[Duration]]<=30, "10 to 30 mins", calls[[#This Row],[Duration]]<=60, "30 to 60 mins", calls[[#This Row],[Duration]]<=120, "1 to 2 hours", TRUE, "More than 2 hours")} -> More than 2 hours | L19: =ROUND(calls[[#This Row],[Satisfaction Rating]],0) -> 5
B20: Call_7287 | C20: C0010 | D20: 99 | E20: R01 | F20: 44931 | G20: 195 | H20: 3.9 | I20: =IF(MONTH(calls[[#This Row],[Date of Call]])<=6, YEAR(calls[[#This Row],[Date of Call]]), YEAR(calls[[#This Row],[Date of Call]])+1) -> 2023 | J20: =TEXT(calls[[#This Row],[Date of Call]],"DDDD") -> Thursday | K20: {=_xlfn.IFS(calls[[#This Row],[Duration]]<=10,"Under 10 mins", calls[[#This Row],[Duration]]<=30, "10 to 30 mins", calls[[#This Row],[Duration]]<=60, "30 to 60 mins", calls[[#This Row],[Duration]]<=120, "1 to 2 hours", TRUE, "More than 2 hours")} -> 1 to 2 hours | L20: =ROUND(calls[[#This Row],[Satisfaction Rating]],0) -> 4
B21: Call_7288 | C21: C0009 | D21: 28 | E21: R03 | F21: 44931 | G21: 28 | H21: 3.8 | I21: =IF(MONTH(calls[[#This Row],[Date of Call]])<=6, YEAR(calls[[#This Row],[Date of Call]]), YEAR(calls[[#This Row],[Date of Call]])+1) -> 2023 | J21: =TEXT(calls[[#This Row],[Date of Call]],"DDDD") -> Thursday | K21: {=_xlfn.IFS(calls[[#This Row],[Duration]]<=10,"Under 10 mins", calls[[#This Row],[Duration]]<=30, "10 to 30 mins", calls[[#This Row],[Duration]]<=60, "30 to 60 mins", calls[[#This Row],[Duration]]<=120, "1 to 2 hours", TRUE, "More than 2 hours")} -> 10 to 30 mins | L21: =ROUND(calls[[#This Row],[Satisfaction Rating]],0) -> 4
B22: Call_7289 | C22: C0007 | D22: 54 | E22: R02 | F22: 44931 | G22: 170 | H22: 4.3 | I22: =IF(MONTH(calls[[#This Row],[Date of Call]])<=6, YEAR(calls[[#This Row],[Date of Call]]), YEAR(calls[[#This Row],[Date of Call]])+1) -> 2023 | J22: =TEXT(calls[[#This Row],[Date of Call]],"DDDD") -> Thursday | K22: {=_xlfn.IFS(calls[[#This Row],[Duration]]<=10,"Under 10 mins", calls[[#This Row],[Duration]]<=30, "10 to 30 mins", calls[[#This Row],[Duration]]<=60, "30 to 60 mins", calls[[#This Row],[Duration]]<=120, "1 to 2 hours", TRUE, "More than 2 hours")} -> 30 to 60 mins | L22: =ROUND(calls[[#This Row],[Satisfaction Rating]],0) -> 4
B23: Call_7290 | C23: C0006 | D23: 48 | E23: R05 | F23: 44932 | G23: 30 | H23: 4.4 | I23: =IF(MONTH(calls[[#This Row],[Date of Call]])<=6, YEAR(calls[[#This Row],[Date of Call]]), YEAR(calls[[#This Row],[Date of Call]])+1) -> 2023 | J23: =TEXT(calls[[#This Row],[Date of Call]],"DDDD") -> Friday | K23: {=_xlfn.IFS(calls[[#This Row],[Duration]]<=10,"Under 10 mins", calls[[#This Row],[Duration]]<=30, "10 to 30 mins", calls[[#This Row],[Duration]]<=60, "30 to 60 mins", calls[[#This Row],[Duration]]<=120, "1 to 2 hours", TRUE, "More than 2 hours")} -> 30 to 60 mins | L23: =ROUND(calls[[#This Row],[Satisfaction Rating]],0) -> 4
B24: Call_7291 | C24: C0004 | D24: 128 | E24: R05 | F24: 44932 | G24: 72 | H24: 5 | I24: =IF(MONTH(calls[[#This Row],[Date of Call]])<=6, YEAR(calls[[#This Row],[Date of Call]]), YEAR(calls[[#This Row],[Date of Call]])+1) -> 2023 | J24: =TEXT(calls[[#This Row],[Date of Call]],"DDDD") -> Friday | K24: {=_xlfn.IFS(calls[[#This Row],[Duration]]<=10,"Under 10 mins", calls[[#This Row],[Duration]]<=30, "10 to 30 mins", calls[[#This Row],[Duration]]<=60, "30 to 60 mins", calls[[#This Row],[Duration]]<=120, "1 to 2 hours", TRUE, "More than 2 hours")} -> More than 2 hours | L24: =ROUND(calls[[#This Row],[Satisfaction Rating]],0) -> 5
B25: Call_7292 | C25: C0004 | D25: 38 | E25: R04 | F25: 44933 | G25: 92 | H25: 4.9 | I25: =IF(MONTH(calls[[#This Row],[Date of Call]])<=6, YEAR(calls[[#This Row],[Date of Call]]), YEAR(calls[[#This Row],[Date of Call]])+1) -> 2023 | J25: =TEXT(calls[[#This Row],[Date of Call]],"DDDD") -> Saturday | K25: {=_xlfn.IFS(calls[[#This Row],[Duration]]<=10,"Under 10 mins", calls[[#This Row],[Duration]]<=30, "10 to 30 mins", calls[[#This Row],[Duration]]<=60, "30 to 60 mins", calls[[#This Row],[Duration]]<=120, "1 to 2 hours", TRUE, "More than 2 hours")} -> 30 to 60 mins | L25: =ROUND(calls[[#This Row],[Satisfaction Rating]],0) -> 5
B26: Call_7293 | C26: C0003 | D26: 67 | E26: R04 | F26: 44934 | G26: 165 | H26: 4.5 | I26: =IF(MONTH(calls[[#This Row],[Date of Call]])<=6, YEAR(calls[[#This Row],[Date of Call]]), YEAR(calls[[#This Row],[Date of Call]])+1) -> 2023 | J26: =TEXT(calls[[#This Row],[Date of Call]],"DDDD") -> Sunday | K26: {=_xlfn.IFS(calls[[#This Row],[Duration]]<=10,"Under 10 mins", calls[[#This Row],[Duration]]<=30, "10 to 30 mins", calls[[#This Row],[Duration]]<=60, "30 to 60 mins", calls[[#This Row],[Duration]]<=120, "1 to 2 hours", TRUE, "More than 2 hours")} -> 1 to 2 hours | L26: =ROUND(calls[[#This Row],[Satisfaction Rating]],0) -> 5
B27: Call_7294 | C27: C0015 | D27: 58 | E27: R02 | F27: 44934 | G27: 140 | H27: 2.1 | I27: =IF(MONTH(calls[[#This Row],[Date of Call]])<=6, YEAR(calls[[#This Row],[Date of Call]]), YEAR(calls[[#This Row],[Date of Call]])+1) -> 2023 | J27: =TEXT(calls[[#This Row],[Date of Call]],"DDDD") -> Sunday | K27: {=_xlfn.IFS(calls[[#This Row],[Duration]]<=10,"Under 10 mins", calls[[#This Row],[Duration]]<=30, "10 to 30 mins", calls[[#This Row],[Duration]]<=60, "30 to 60 mins", calls[[#This Row],[Duration]]<=120, "1 to 2 hours", TRUE, "More than 2 hours")} -> 30 to 60 mins | L27: =ROUND(calls[[#This Row],[Satisfaction Rating]],0) -> 2
B28: Call_7295 | C28: C0010 | D28: 54 | E28: R01 | F28: 44934 | G28: 111 | H28: 3.3 | I28: =IF(MONTH(calls[[#This Row],[Date of Call]])<=6, YEAR(calls[[#This Row],[Date of Call]]), YEAR(calls[[#This Row],[Date of Call]])+1) -> 2023 | J28: =TEXT(calls[[#This Row],[Date of Call]],"DDDD") -> Sunday | K28: {=_xlfn.IFS(calls[[#This Row],[Duration]]<=10,"Under 10 mins", calls[[#This Row],[Duration]]<=30, "10 to 30 mins", calls[[#This Row],[Duration]]<=60, "30 to 60 mins", calls[[#This Row],[Duration]]<=120, "1 to 2 hours", TRUE, "More than 2 hours")} -> 30 to 60 mins | L28: =ROUND(calls[[#This Row],[Satisfaction Rating]],0) -> 3
B29: Call_7296 | C29: C0012 | D29: 28 | E29: R05 | F29: 44935 | G29: 63 | H29: 4.1 | I29: =IF(MONTH(calls[[#This Row],[Date of Call]])<=6, YEAR(calls[[#This Row],[Date of Call]]), YEAR(calls[[#This Row],[Date of Call]])+1) -> 2023 | J29: =TEXT(calls[[#This Row],[Date of Call]],"DDDD") -> Monday | K29: {=_xlfn.IFS(calls[[#This Row],[Duration]]<=10,"Under 10 mins", calls[[#This Row],[Duration]]<=30, "10 to 30 mins", calls[[#This Row],[Duration]]<=60, "30 to 60 mins", calls[[#This Row],[Duration]]<=120, "1 to 2 hours", TRUE, "More than 2 hours")} -> 10 to 30 mins | L29: =ROUND(calls[[#This Row],[Satisfaction Rating]],0) -> 4
B30: Call_7297 | C30: C0002 | D30: 73 | E30: R05 | F30: 44935 | G30: 80 | H30: 4.2 | I30: =IF(MONTH(calls[[#This Row],[Date of Call]])<=6, YEAR(calls[[#This Row],[Date of Call]]), YEAR(calls[[#This Row],[Date of Call]])+1) -> 2023 | J30: =TEXT(calls[[#This Row],[Date of Call]],"DDDD") -> Monday | K30: {=_xlfn.IFS(calls[[#This Row],[Duration]]<=10,"Under 10 mins", calls[[#This Row],[Duration]]<=30, "10 to 30 mins", calls[[#This Row],[Duration]]<=60, "30 to 60 mins", calls[[#This Row],[Duration]]<=120, "1 to 2 hours", TRUE, "More than 2 hours")} -> 1 to 2 hours | L30: =ROUND(calls[[#This Row],[Satisfaction Rating]],0) -> 4
... B1003: Call_8270 | C1003: C0009 | D1003: 114 | E1003: R01 | F1003: 45291 | G1003: 40 | H1003: 3.9 | I1003: =IF(MONTH(calls[[#This Row],[Date of Call]])<=6, YEAR(calls[[#This Row],[Date of Call]]), YEAR(calls[[#This Row],[Date of Call]])+1) -> 2024 | J1003: =TEXT(calls[[#This Row],[Date of Call]],"DDDD") -> Sunday | K1003: {=_xlfn.IFS(calls[[#This Row],[Duration]]<=10,"Under 10 mins", calls[[#This Row],[Duration]]<=30, "10 to 30 mins", calls[[#This Row],[Duration]]<=60, "30 to 60 mins", calls[[#This Row],[Duration]]<=120, "1 to 2 hours", TRUE, "More than 2 hours")} -> 1 to 2 hours | L1003: =ROUND(calls[[#This Row],[Satisfaction Rating]],0) -> 4

Sheet Customer Centre Report
C2: CALL CENTRE REPORT - 2023
N16: =Pivot!E48 -> R01 | O16: =Pivot!F48 -> R02 | P16: =Pivot!G48 -> R03 | Q16: =Pivot!H48 -> R04 | R16: =Pivot!I48 -> R05 | S16: TOTAL
M17: =Pivot!D49 -> Cincinnati
M18: =Pivot!D50 -> C0003 | N18: =Pivot!E50 -> 891 | O18: =Pivot!F50 -> 1332 | P18: =Pivot!G50 -> 1282 | Q18: =Pivot!H50 -> 739 | R18: =Pivot!I50 -> 560 | S18: =Pivot!J50 -> 4804
M19: =Pivot!D51 -> C0004 | N19: =Pivot!E51 -> 1991 | O19: =Pivot!F51 -> 1886 | P19: =Pivot!G51 -> 1206 | Q19: =Pivot!H51 -> 884 | R19: =Pivot!I51 -> 1722 | S19: =Pivot!J51 -> 7689
M20: =Pivot!D52 -> C0011 | N20: =Pivot!E52 -> 1163 | O20: =Pivot!F52 -> 1180 | P20: =Pivot!G52 -> 1616 | Q20: =Pivot!H52 -> 1043 | R20: =Pivot!I52 -> 1747 | S20: =Pivot!J52 -> 6749
M21: =Pivot!D53 -> C0012 | N21: =Pivot!E53 -> 1438 | O21: =Pivot!F53 -> 1616 | P21: =Pivot!G53 -> 866 | Q21: =Pivot!H53 -> 829 | R21: =Pivot!I53 -> 2070 | S21: =Pivot!J53 -> 6819
M22: =Pivot!D54 -> Cleveland
M23: =Pivot!D55 -> C0002 | N23: =Pivot!E55 -> 1233 | O23: =Pivot!F55 -> 223 | P23: =Pivot!G55 -> 1680 | Q23: =Pivot!H55 -> 990 | R23: =Pivot!I55 -> 1508 | S23: =Pivot!J55 -> 5634
M24: =Pivot!D56 -> C0007 | N24: =Pivot!E56 -> 1598 | O24: =Pivot!F56 -> 1907 | P24: =Pivot!G56 -> 869 | Q24: =Pivot!H56 -> 1426 | R24: =Pivot!I56 -> 1416 | S24: =Pivot!J56 -> 7216
M25: =Pivot!D57 -> C0008 | N25: =Pivot!E57 -> 900 | O25: =Pivot!F57 -> 1016 | P25: =Pivot!G57 -> 960 | Q25: =Pivot!H57 -> 940 | R25: =Pivot!I57 -> 1193 | S25: =Pivot!J57 -> 5009
M26: =Pivot!D58 -> C0010 | N26: =Pivot!E58 -> 900 | O26: =Pivot!F58 -> 1470 | P26: =Pivot!G58 -> 1617 | Q26: =Pivot!H58 -> 1314 | R26: =Pivot!I58 -> 941 | S26: =Pivot!J58 -> 6242
M27: =Pivot!D59 -> C0013 | N27: =Pivot!E59 -> 1255 | O27: =Pivot!F59 -> 516 | P27: =Pivot!G59 -> 1874 | Q27: =Pivot!H59 -> 1863 | R27: =Pivot!I59 -> 1722 | S27: =Pivot!J59 -> 7230
M28: =Pivot!D60 -> C0015 | N28: =Pivot!E60 -> 1138 | O28: =Pivot!F60 -> 1898 | P28: =Pivot!G60 -> 1482 | Q28: =Pivot!H60 -> 846 | R28: =Pivot!I60 -> 1154 | S28: =Pivot!J60 -> 6518
M29: =Pivot!D61 -> Columbus | N29: .
M30: =Pivot!D62 -> C0001 | N30: =Pivot!E62 -> 1655 | O30: =Pivot!F62 -> 805 | P30: =Pivot!G62 -> 2263 | Q30: =Pivot!H62 -> 987 | R30: =Pivot!I62 -> 1075 | S30: =Pivot!J62 -> 6785
M31: =Pivot!D63 -> C0005 | N31: =Pivot!E63 -> 1104 | O31: =Pivot!F63 -> 2280 | P31: =Pivot!G63 -> 1445 | Q31: =Pivot!H63 -> 1722 | R31: =Pivot!I63 -> 1196 | S31: =Pivot!J63 -> 7747
M32: =Pivot!D64 -> C0006 | N32: =Pivot!E64 -> 372 | O32: =Pivot!F64 -> 1818 | P32: =Pivot!G64 -> 1346 | Q32: =Pivot!H64 -> 1156 | R32: =Pivot!I64 -> 1484 | S32: =Pivot!J64 -> 6176
M33: =Pivot!D65 -> C0009 | N33: =Pivot!E65 -> 1415 | O33: =Pivot!F65 -> 1271 | P33: =Pivot!G65 -> 1214 | Q33: =Pivot!H65 -> 1135 | R33: =Pivot!I65 -> 1566 | S33: =Pivot!J65 -> 6601
M34: =Pivot!D66 -> C0014 | N34: =Pivot!E66 -> 1362 | O34: =Pivot!F66 -> 1363 | P34: =Pivot!G66 -> 1152 | Q34: =Pivot!H66 -> 777 | R34: =Pivot!I66 -> 750 | S34: =Pivot!J66 -> 5404

Sheet Assets
E2: Rep ID | F2: Rep Image
E3: R01 | F3: #VALUE!
E4: R02 | F4: #VALUE!
E5: R03 | F5: #VALUE!
E6: R04 | F6: #VALUE!
E7: R05 | F7: #VALUE!
